{"cameraMode":{"drawMode":0,"name":"Shaded","section":"Shading Mode"},"sceneLighting":true,"audioPlay":false,"sceneViewState":{"m_AlwaysRefresh":false,"showFog":true,"showSkybox":true,"showFlares":true,"showImageEffects":true,"showParticleSystems":true,"showVisualEffectGraphs":true,"m_FxEnabled":true},"in2DMode":false,"pivot":{"x":6.05330228805542,"y":5.892064094543457,"z":-8.869771003723145},"rotation":{"x":0.07065539062023163,"y":0.050848741084337237,"z":-0.0036057052202522756,"w":0.9961529970169067},"size":37.74917221069336,"orthographic":false}